norm	scope	dataset	key	arm	n	status	signed_srocc	srocc	plcc	krocc	or	pwrc	z_rmse	geomean3	harmean3	min3
max	corpus	kadid	all	teacher	10125	measured	0.6061915696730641	0.6061915696730641	0.6279085390422898	0.4303992983703342	0.00454320987654321	0.8775154922090612	0.7782871363435175	0.6938309861691772	0.6846480845778963	0.6061915696730641
max	corpus	kadid	all	candidate	10125	measured	0.6034344943490562	0.6034344943490562	0.6251695231350647	0.4281188935312855	0.004148148148148148	0.876361417107806	0.7804889924547874	0.6914653039003803	0.6821548298823	0.6034344943490562
p1	corpus	kadid	all	teacher	10125	measured	0.5292759159747219	0.5292759159747219	0.5558133323933324	0.37571853949932615	0.0015802469135802468	0.8431898983062923	0.8313071270799207	0.6283170272132323	0.6154463038100322	0.5292759159747219
p1	corpus	kadid	all	candidate	10125	measured	0.5316788245426718	0.5316788245426718	0.5580022487197673	0.3775278529828144	0.0015802469135802468	0.8442468433264477	0.8298394365319799	0.6303545898691644	0.6176105593197877	0.5316788245426718
p2	corpus	kadid	all	teacher	10125	measured	0.535200386821753	0.535200386821753	0.5609790792548695	0.3799801232776406	0.0009876543209876543	0.8455273954797932	0.8278299780992213	0.6331844719794754	0.6206360879842834	0.535200386821753
p2	corpus	kadid	all	candidate	10125	measured	0.5358062111037208	0.5358062111037208	0.561746843482847	0.38042008030778096	0.0011851851851851852	0.8456975067150516	0.8273091827354864	0.6337546295811948	0.621251315097632	0.5358062111037208
p3	corpus	kadid	all	teacher	10125	measured	0.5430810367404044	0.5430810367404044	0.567452693501513	0.38456367560983046	0.0010864197530864198	0.849115412709353	0.8234059998797024	0.639617505648906	0.6274439634810399	0.5430810367404044
p3	corpus	kadid	all	candidate	10125	measured	0.5425001705173574	0.5425001705173574	0.5672498989170389	0.3841588916149874	0.0010864197530864198	0.8487260671602144	0.8235457195436221	0.6392154778963018	0.6270319345726464	0.5425001705173574
p6	corpus	kadid	all	teacher	10125	measured	0.5604414347801634	0.5604414347801634	0.5827622765331812	0.39538246209449307	0.0021728395061728395	0.8578345340610303	0.8126426822717813	0.6543474250249056	0.6429490890070266	0.5604414347801634
p6	corpus	kadid	all	candidate	10125	measured	0.5583237117227751	0.5583237117227751	0.5811174339758924	0.3938528467835531	0.0019753086419753087	0.8567629156993162	0.8138197146354237	0.652634777198887	0.6411513702202186	0.5583237117227751
