norm	scope	dataset	key	arm	n	status	signed_srocc	srocc	plcc	krocc	or	pwrc	z_rmse	geomean3	harmean3	min3
max	corpus	live_r1_jpeg2000_s1	all	teacher	87	measured	0.9659772817465665	0.9659772817465665	0.9740179180094791	0.8437374757909404	0	0.995340632389414	0.22647095927840027	0.9783671541714566	0.9782893556599435	0.9659772817465665
max	corpus	live_r1_jpeg2000_s1	all	candidate	87	measured	0.9386205922519986	0.9386205922519986	0.9495659045991819	0.7902686877180037	0	0.9893675095152105	0.3135675251404978	0.9589389184767853	0.9586953306684205	0.9386205922519986
max	corpus	live_r1_jpeg2000_s2	all	teacher	82	measured	0.9622119915978277	0.9622119915978277	0.9650448518158704	0.8361939174947305	0	0.9935882423039211	0.26208478396062057	0.9735125822255122	0.9734108221848424	0.9622119915978277
max	corpus	live_r1_jpeg2000_s2	all	candidate	82	measured	0.9506535627605271	0.9506535627605271	0.9574842706501604	0.8078891900030112	0	0.9917516083587372	0.2884854787792095	0.9664638495313189	0.9662991943864557	0.9506535627605271
max	corpus	live_r1_jpeg_s1	all	teacher	87	measured	0.9426785264893183	0.9426785264893183	0.943203618196735	0.7866224184920254	0	0.9906831609795922	0.3322151932416507	0.9585938046768746	0.9583354283321506	0.9426785264893183
max	corpus	live_r1_jpeg_s1	all	candidate	87	measured	0.9649874245466437	0.9649874245466437	0.9631432939373489	0.8310371536857929	0	0.9945597297525675	0.26898883869691326	0.9741245226875308	0.9740196275173125	0.9631432939373489
max	corpus	live_r1_jpeg_s2	all	teacher	88	measured	0.8498401720123117	0.8498401720123117	0.9735229389352559	0.6753864002879179	0	0.9849831087868852	0.22858934219875826	0.9340513292792426	0.931927410942853	0.8498401720123117
max	corpus	live_r1_jpeg_s2	all	candidate	88	measured	0.8485846511976124	0.8485846511976124	0.9784566365379945	0.6773061294937003	0	0.9858566561403033	0.20645244104818625	0.935441951754476	0.9331849636996856	0.8485846511976124
p1	corpus	live_r1_jpeg2000_s1	all	teacher	87	measured	0.9622730917839177	0.9622730917839177	0.9753853577235709	0.8310612135792569	0	0.994259530149998	0.22050715167191487	0.9772179716327762	0.9771301208625961	0.9622730917839177
p1	corpus	live_r1_jpeg2000_s1	all	candidate	87	measured	0.958026536414668	0.958026536414668	0.9709167869308334	0.8230419673883989	0	0.9935325406762299	0.2394171941526065	0.9740484245210608	0.9739385835552685	0.958026536414668
p1	corpus	live_r1_jpeg2000_s2	all	teacher	82	measured	0.9650417387708013	0.9650417387708013	0.9696776667223098	0.8428184281842819	0	0.99424628065169	0.24438744374451202	0.9762382547097199	0.9761550837809388	0.9650417387708013
p1	corpus	live_r1_jpeg2000_s2	all	candidate	82	measured	0.9558559441016097	0.9558559441016097	0.9624472921588556	0.8235471243601324	0	0.9925203370921265	0.2714686166319913	0.9701441551395424	0.9700146746445943	0.9558559441016097
p1	corpus	live_r1_jpeg_s1	all	teacher	87	measured	0.9695257542985015	0.9695257542985015	0.9724055953695162	0.849766258887984	0	0.9957571077375078	0.23329671685228784	0.9791594163606593	0.9790897273370759	0.9695257542985015
p1	corpus	live_r1_jpeg_s1	all	candidate	87	measured	0.9709109473151328	0.9709109473151328	0.9737913009735666	0.8567227836773692	0	0.9958885357379491	0.22744340428598234	0.9801337421454875	0.9800708800856021	0.9709109473151328
p1	corpus	live_r1_jpeg_s2	all	teacher	88	measured	0.8624151330579725	0.8624151330579725	0.981426406832746	0.7025901902298014	0	0.9860398644497723	0.19183901576938103	0.9415054978056296	0.9396679124548618	0.8624151330579725
p1	corpus	live_r1_jpeg_s2	all	candidate	88	measured	0.8554583969052609	0.8554583969052609	0.9793940936145915	0.6916040442917331	0	0.9856532272921619	0.20195843481482129	0.9381958497981825	0.9361662671669169	0.8554583969052609
p2	corpus	live_r1_jpeg2000_s1	all	teacher	87	measured	0.9650433768316687	0.9650433768316687	0.9779248673778529	0.8396150761828388	0	0.994939135830234	0.20895682272662935	0.9792260225102888	0.9791496917579863	0.9650433768316687
p2	corpus	live_r1_jpeg2000_s1	all	candidate	87	measured	0.9592476489028213	0.9592476489028213	0.9702193127806379	0.8283881315156375	0	0.9938792505320032	0.24222816745264475	0.974342008625344	0.9742357183311019	0.9592476489028213
p2	corpus	live_r1_jpeg2000_s2	all	teacher	82	measured	0.9682850643767482	0.9682850643767482	0.9717905821163346	0.8518518518518519	0	0.9948577697231961	0.23584542503511832	0.9782404984126949	0.9781702348071624	0.9682850643767482
p2	corpus	live_r1_jpeg2000_s2	all	candidate	82	measured	0.9562695225345827	0.9562695225345827	0.9643838470549372	0.8301716350496838	0	0.9925845708049501	0.2645067022582218	0.9709553387624369	0.9708321177455748	0.9562695225345827
p2	corpus	live_r1_jpeg_s1	all	teacher	87	measured	0.9687238004467676	0.9687238004467676	0.9720909263012532	0.8444150859730722	0	0.9954179563981175	0.23460441386037884	0.9786726312362385	0.978601421538387	0.9687238004467676
p2	corpus	live_r1_jpeg_s1	all	candidate	87	measured	0.9711296620019694	0.9711296620019694	0.974334390192826	0.8545823145114045	0	0.9958898640166208	0.22510552211701565	0.9803899585441435	0.9803289169177006	0.9711296620019694
p2	corpus	live_r1_jpeg_s2	all	teacher	88	measured	0.8585581071910261	0.8585581071910261	0.9814790609339784	0.6963123925509053	0	0.9858317783059617	0.19156944680234142	0.9400504938850799	0.9380904658264121	0.8585581071910261
p2	corpus	live_r1_jpeg_s2	all	candidate	88	measured	0.8532392861324973	0.8532392861324973	0.9798766873828166	0.686895696032561	0	0.9855820363280606	0.19960380137581754	0.9375152684573964	0.935404218854101	0.8532392861324973
p3	corpus	live_r1_jpeg2000_s1	all	teacher	87	measured	0.9667019027484144	0.9667019027484144	0.9783238332700201	0.8444266238973537	0	0.9953104118674724	0.20708084714877426	0.9800417672125513	0.9799716115883388	0.9667019027484144
p3	corpus	live_r1_jpeg2000_s1	all	candidate	87	measured	0.9557483414740833	0.9557483414740833	0.9668041509006751	0.8219727345629511	0	0.9931080981044133	0.2555185586238796	0.9717611390958454	0.9716360289177641	0.9557483414740833
p3	corpus	live_r1_jpeg2000_s2	all	teacher	82	measured	0.9675232093686399	0.9675232093686399	0.9719219773938049	0.8500451671183379	0	0.9947514215036767	0.2353033570923226	0.9779930930307275	0.9779210265180022	0.9675232093686399
p3	corpus	live_r1_jpeg2000_s2	all	candidate	82	measured	0.9578367671226913	0.9578367671226913	0.9643433134988018	0.8343872327612165	0	0.9929777778622938	0.26465444207523164	0.9716001403619846	0.9714817629241285	0.9578367671226913
p3	corpus	live_r1_jpeg_s1	all	teacher	87	measured	0.9676666794603911	0.9676666794603911	0.9697761515636029	0.8412043822241252	0	0.9951467874414607	0.24399634394492242	0.9774505845920484	0.9773717663016901	0.9676666794603911
p3	corpus	live_r1_jpeg_s1	all	candidate	87	measured	0.972223235436152	0.972223235436152	0.9741504366988102	0.8588632528433339	0	0.9960348268613946	0.22590025825465151	0.9807436764023959	0.9806848210313147	0.972223235436152
p3	corpus	live_r1_jpeg_s2	all	teacher	88	measured	0.8607772179637897	0.8607772179637897	0.9809282175202939	0.6952660929377559	0	0.9859139773614859	0.19437034771913383	0.9407098074352189	0.9388288404274644	0.8607772179637897
p3	corpus	live_r1_jpeg_s2	all	candidate	88	measured	0.8508264434668733	0.8508264434668733	0.9802397620141318	0.6806178983536647	0	0.9852939748376388	0.19781306571224774	0.936655110671218	0.9344595229381434	0.8508264434668733
p6	corpus	live_r1_jpeg2000_s1	all	teacher	87	measured	0.9669570605817599	0.9669570605817599	0.9775559054175407	0.8449612403100775	0	0.9954256834735191	0.21067617754101034	0.9799092971681934	0.9798392137110339	0.9669570605817599
p6	corpus	live_r1_jpeg2000_s1	all	candidate	87	measured	0.9496427790333163	0.9496427790333163	0.9587793484778092	0.8128842555466452	0	0.9917954921403985	0.2841516512928733	0.9665708432390527	0.9664036958749623	0.9496427790333163
p6	corpus	live_r1_jpeg2000_s2	all	teacher	82	measured	0.9687421773816132	0.9687421773816132	0.9700612715259505	0.8500451671183379	0	0.9948868455589756	0.2428603085838774	0.9778232389642385	0.9777501378836809	0.9687421773816132
p6	corpus	live_r1_jpeg2000_s2	all	candidate	82	measured	0.955246460095123	0.955246460095123	0.9619081125089931	0.8259560373381511	0	0.9926720941280934	0.27337297432150603	0.969806176885598	0.9696710822523076	0.955246460095123
p6	corpus	live_r1_jpeg_s1	all	teacher	87	measured	0.9626362416631511	0.9626362416631511	0.9606511889389848	0.8337127401432487	0	0.9941471545418195	0.2777576158993928	0.9723580235045414	0.9722387408778529	0.9606511889389848
p6	corpus	live_r1_jpeg_s1	all	candidate	87	measured	0.9697809214331441	0.9697809214331441	0.9717146788493556	0.8513716107624575	0	0.9956060661669425	0.236157961772824	0.9789638262090655	0.9788941538829347	0.9697809214331441
p6	corpus	live_r1_jpeg_s2	all	teacher	88	measured	0.8579592995221851	0.8579592995221851	0.978527051491025	0.6931734937114571	0	0.9854699597849211	0.20611843561477108	0.9387738223120007	0.9368427799943699	0.8579592995221851
p6	corpus	live_r1_jpeg_s2	all	candidate	88	measured	0.845824638233025	0.845824638233025	0.9805524102809011	0.6764326999010672	0	0.9849276784029853	0.19625740926730773	0.9347995510042613	0.9324257286663451	0.845824638233025
