metric	1t 1MP ms	8t 1MP ms	8t speedup 1MP	1t 8.4MP ms	8t 8.4MP ms	8t speedup 8.4MP	1t ms/MP @8.4MP	1t scaling vs linear	1t 8.4MP maxRSS MiB	
gmsd	0.9	0.5	1.68	5.9	2.1	2.89	0.7	0.81	55	
psnr	1.6	1.6	1.01	12.7	12.3	1.03	1.5	1.01	55	
psnr-y	1.9	2.0	0.99	15.9	15.6	1.02	1.9	1.02	55	
mdsi	2.2	1.5	1.43	5.9	3.2	1.84	0.7	0.34	62	
ssim-libvmaf	10.5	10.4	1.01	89.3	83.5	1.07	10.6	1.05	167	
psnrhvs	11.5	8.1	1.42	99.8	64.3	1.55	11.8	1.08	248	
haarpsi	14.0	10.5	1.33	136	91.1	1.50	16.1	1.21	185	
ms-gmsd	24.0	22.2	1.08	225	193	1.17	26.6	1.16	540	
nlpd-iqa	24.5	17.0	1.44	290	117	2.48	34.4	1.47	425	
ms-gmsdc	25.0	22.5	1.11	224	195	1.15	26.5	1.11	540	
vmaf	29.6	29.3	1.01	-	-	-	-	-	55	ERR
msssim	33.0	28.1	1.17	322	258	1.25	38.1	1.21	511	
psnrhvs-daala	38.9	37.9	1.02	313	311	1.01	37.1	1.00	103	
nlpd	43.7	27.8	1.57	400	210	1.90	47.3	1.13	586	
zensim	64.0	12.7	5.05	441	93.4	4.72	52.2	0.86	255	
fsim	65.0	39.1	1.66	632	336	1.88	74.9	1.21	121	
vsi	77.7	53.4	1.45	519	347	1.50	61.5	0.83	545	
iwssim-piq	78.7	52.2	1.51	720	407	1.77	85.3	1.14	681	
iwssim	78.7	51.9	1.52	729	410	1.78	86.4	1.15	681	
msssim-libvmaf	83.0	83.0	1.00	728	720	1.01	86.3	1.09	477	
vif	84.7	80.6	1.05	931	686	1.36	110	1.37	935	
ssim2	97.7	101	0.96	856	814	1.05	101	1.09	1,270	
dssim	139	33.9	4.11	1,391	403	3.45	165	1.24	975	
butteraugli	141	66.0	2.14	1,389	658	2.11	165	1.22	1,386	
ssim	144	50.1	2.88	1,825	412	4.43	216	1.57	570	
cvvdp	146	61.1	2.39	1,394	543	2.57	165	1.19	1,762	
vifvec	347	98.5	3.52	3,397	756	4.49	402	1.22	579	
mad	1,323	413	3.21	26,857	5,792	4.64	3,182	2.52	1,320	
mdctpsnr	3,182	1,694	1.88	26,390	13,845	1.91	3,126	1.03	125	

st_photo_1024: rounds min=4 errors=[]
mt8_photo_1024: rounds min=4 errors=[]
mt8_photo_3355x2516: rounds min=4 errors=['vmaf']
