job_id	status	error_class	image_path	w	h	pixels	q	knobs
229953c6b79d5bbe5045cb5ec5abdebbbad67126189589357112314aecab1d39	poison	encoder_panic	8468.scale59x128.png	59	128	7552	80	{"backend":"aom-rs","speed":4}
3d608f123f673adf5b395ea0f162b74ffe908e3fbc723bc4a7070de4a4f86542	poison	encoder_panic	8468.scale59x128.png	59	128	7552	94	{"backend":"aom-rs","speed":4}
51db139c5080cb1a34b9fdc5b7ccbab339a0a3b8247b187d28b158a9cbdadcc0	poison	encoder_panic	8468.scale59x128.png	59	128	7552	30	{"backend":"aom-rs","speed":4}
66c6e5e5460dc6bf7619aaf4145915902c0d39af37f47e625c693d5aa5a219e7	poison	encoder_panic	8468.scale59x128.png	59	128	7552	74	{"backend":"aom-rs","speed":4}
7d13d5c82c7a3e91e226f8342cb60cdbe63dc3e2e442e548a235a0b83b089516	poison	encoder_panic	8468.scale59x128.png	59	128	7552	20	{"backend":"aom-rs","speed":6}
8b5d9615de89590e71f768c8b09a99d0fd37eeed4f5cf66ffd45c8163bfd3e42	poison	encoder_panic	8468.scale59x128.png	59	128	7552	55	{"backend":"aom-rs","speed":6}
a044687362fb870234c721a6a48d97766de003d0f001d42881de64f20fe12cd9	poison	encoder_panic	8468.scale59x128.png	59	128	7552	40	{"backend":"aom-rs","speed":4}
b82ff1a8ee44999a132f9300d42adda11a7fa42f8da51ad1a2628c5561e1c071	poison	encoder_panic	8468.scale59x128.png	59	128	7552	72	{"backend":"aom-rs","speed":4}
c706cfcf96a60ba0bf6789fca0bae19d042a60b75b4c26873235f1e910223627	poison	encoder_panic	8468.scale59x128.png	59	128	7552	100	{"backend":"aom-rs","speed":4}
e3fd3406a791c2f7b8fc82bba7606e5762f3f629dc068d3524fdfabbf11a1917	poison	encoder_panic	8468.scale59x128.png	59	128	7552	98	{"backend":"aom-rs","speed":4}
f14672fba82eab7c3cf8b414a62601fba3696b47a96924cd9d26ff8fd9d48a05	poison	encoder_panic	8468.scale59x128.png	59	128	7552	82	{"backend":"aom-rs","speed":4}
f8999685efc2a622255a68973375ce8f726a4bc9fa258dd14bf04282bc90c024	poison	encoder_panic	8468.scale59x128.png	59	128	7552	76	{"backend":"aom-rs","speed":4}
7c0e339073e944a5342f70ee4d459dc0935b9cac547839dc6caf1038972e53ee	poison	encoder_panic	5052.scale78x128.png	78	128	9984	50	{"backend":"aom-rs","speed":8}
3dec9861a4043728b7b82aeed070d27420e538276f4041cad68b5524c431d245	poison	encoder_panic	8020.scale115x128.png	115	128	14720	10	{"backend":"aom-rs","speed":4}
c0771d01fa044050a7ba49144af2dcaad38b36f6b1c37f502f119dee83760fc7	poison	encoder_panic	2204.scale1728x3072.png	1728	3072	5308416	70	{"backend":"aom-rs","speed":4}
c624ca1d05279fb8e9f0fb83308ad1acb91ed2f48fc34f676857d8a4c3198856	poison	encoder_panic	1016.scale1730x3072.png	1730	3072	5314560	86	{"backend":"aom-rs","speed":4}
44ee3891f698e71d4003a652666f1c4f8ead601d4b594dc5e021f66a7be542d8	poison	encoder_panic	6008.scale2320x3408.png	2320	3408	7906560	74	{"backend":"aom-rs","speed":6}
2b00b3bfb306d34768b639c1097e61f362d7404bd61ff6ed0c9510a7b57af9e2	poison	encoder_panic	5032.scale2590x3209.png	2590	3209	8311310	90	{"backend":"aom-rs","speed":6}
c7092e578aab3490219ccce7673a6b19e67547826db9a73c599222dd86a1fde7	poison	encoder_panic	5314.scale2550x3300.png	2550	3300	8415000	15	{"backend":"aom-rs","speed":6}
658a0c20f2afb3ba2228ed37240bac658f8932826f0592e0bcd746c8388c7cdd	poison	encoder_panic	6826.scale2415x3528.png	2415	3528	8520120	65	{"backend":"aom-rs","speed":4}
35cf56d533ff4144b50131f764f78ba82628d76d7aa644f6a901e5d45861c5f0	poison	encoder_panic	6604.scale2765x4096.png	2765	4096	11325440	90	{"backend":"aom-rs","speed":4}
ebe179038c408462f313cb892bdc3a220bf826d18f4a53fb23e794b21703d0da	poison	encoder_panic	6604.scale2765x4096.png	2765	4096	11325440	90	{"backend":"aom-rs","speed":6}
907d15c4501eb9f15c74f44bc29331f4f3a6e1980a8b58a152b0b642ccfc6739	poison	encoder_panic	5006.scale2896x4096.png	2896	4096	11862016	76	{"backend":"aom-rs","speed":4}
41673d3b6e4c38a168562f565bacd92e38f402d61634599c9c6e9f48f21376d8	poison	encoder_panic	1042.scale4000x3000.png	4000	3000	12000000	78	{"backend":"aom-rs","speed":8}
a75eaefe86338c04b186439cc0d09905a4a5ae4143ce1f92dc2fdd39e04bcf99	poison	encoder_panic	1042.scale4000x3000.png	4000	3000	12000000	74	{"backend":"aom-rs","speed":8}
5cd509576ea1b45d90758a5d2650df9938162e5359b71594e3cd1ff28d59d2a8	poison	encoder_panic	3312.scale3150x4000.png	3150	4000	12600000	94	{"backend":"aom-rs","speed":4}
615e31f491614ce2dc8d169a8530d18b2dd0d011c9fc4f876e0b9cad4e9e613d	poison	encoder_panic	3312.scale3150x4000.png	3150	4000	12600000	94	{"backend":"aom-rs","speed":6}
